{
  "height": 576,
  "width": 465.06666666666666,
  "x": 9.9555555555555557,
  "y": 0,
  "z": 0
}