{
  "height": 316.5090909090909,
  "tabOrder": 1,
  "width": 464.29090909090911,
  "x": 629.5272727272727,
  "y": 0,
  "z": 2001
}