{
  "height": 342.75555555555553,
  "width": 273.06666666666666,
  "x": 122.31111111111112,
  "y": 311.46666666666664,
  "z": 1000
}