{
  "height": 495.53216374269005,
  "width": 1050.9473684210527,
  "x": 53.89473684210526,
  "y": 80.84210526315789,
  "z": 2000
}