{
  "height": 123.73333333333333,
  "width": 843.37777777777774,
  "x": 217.6,
  "y": 98.13333333333334,
  "z": 0
}