{
  "height": 228.07272727272726,
  "width": 599.27272727272725,
  "x": 650.4727272727273,
  "y": 477.09090909090907,
  "z": 2000
}