{
  "height": 302.40935672514621,
  "width": 464.093567251462,
  "x": 607.812865497076,
  "y": 0,
  "z": 1000
}